name,report_title,content
THORAX,ULTRASOUND THORAX,"<h2 align=""center"">&nbsp;</h2>
&nbsp;<br />
&nbsp;<br />
<strong><u>FINDINGS:</u></strong><br />
&nbsp;
<ul>
	<li>No evidence of pleural or pericardial effusions noted.</li>
	<li>Bilateral diaphragmatic movements are normal.</li>
</ul>
&nbsp;<br />
&nbsp;
<h3><u><strong>IMPRESSION:&nbsp;</strong></u><strong>&nbsp;&nbsp;</strong>&nbsp;<br />
&nbsp;</h3>

<ul>
	<li><strong>NO SIGNIFICANT ABNORMALITY DETECTED. </strong></li>
</ul>
&nbsp;<br />
&nbsp;"
BILATERAL LOWER LIMB VENOUS DOPPLER STUDY,BILATERAL LOWER LIMB VENOUS DOPPLER STUDY,"All the bilateral lower limb veins &nbsp;were studied by real time B.Mode sonography and correlated with pulsed Doppler blood flow study.<br />
&nbsp;<br />
<strong><u>REAL TIME B.MODE &amp; COLOUR DOPPLER STUDY:</u></strong><br />
&nbsp;<br />
<strong><u>FINDINGS:</u></strong><br />
&nbsp;
<ul>
	<li>The external iliac vein, common femoral vein, superficial femoral vein and popliteal vein show normal flow,&nbsp; compressibility, respiratory variations and positive augmentation. No evidence of venous thrombosis.</li>
	<li>Deep veins of leg are also patent.</li>
	<li>Sapheno-femoral and sapheno-popliteal junctions are competent.</li>
	<li>Great saphenous and short saphenous veins are normal in caliber.</li>
	<li>No obvious superificial varicose veins.</li>
</ul>
All the deep veins are normal in course and caliber.<br />
&nbsp;
<h3 style=""margin: 0in 0in 0pt; text-align: justify;""><u><span lang=""EN-GB"" style=""font-family: &quot;Arial&quot;,&quot;sans-serif&quot;; font-size: 11pt; mso-bidi-font-size: 12.0pt;""><strong><font color=""#000000"">IMPRESSION: <o:p></o:p></font></strong></span></u></h3>
<br />
&nbsp;"
ARTERIAL DOPPLER OF BOTH LOWER LIMBS ,ARTERIAL DOPPLER OF BOTH LOWER LIMBS ,"All the lower limbs arteries were studied by real time B.Mode sonography and correlated with Pulsed Doppler Blood flow study.<br />
&nbsp;<br />
<strong><u>REAL TIME B.MODE &amp; PULSED DOPPLER STUDY:</u></strong><br />
&nbsp;<br />
<strong><u>RIGHT SIDE</u>: </strong><br />
The external iliac artery, common femoral artery, superficial femoral artery, the popliteal artery and the arteries of the leg show normal in course and calibre and demonstrate normal colour flow, velocities and triphasic spectral pattern.<br />
<strong>&nbsp;<u>LEFT SIDE:</u></strong><br />
The external iliac artery, common femoral artery, superficial femoral artery, the popliteal artery and the arteries of the leg show normal in course and calibre and&nbsp; demonstrate normal colour flow, velocities and triphasic spectral pattern.<br />
&nbsp;<br />
&nbsp;
<table border=""1"" cellpadding=""0"" cellspacing=""0"" width=""431"">
	<tbody>
		<tr>
			<td nowrap=""nowrap"" style=""width: 204px; height: 22px;"">&nbsp;</td>
			<td nowrap=""nowrap"" style=""width: 113px; height: 22px;""><strong>Right PSV cm/s</strong></td>
			<td style=""width: 113px; height: 22px;""><strong>Left PSV cm/s</strong></td>
		</tr>
		<tr>
			<td nowrap=""nowrap"" style=""width: 204px; height: 22px;"">&nbsp;</td>
			<td nowrap=""nowrap"" style=""width: 113px; height: 22px;"">&nbsp;</td>
			<td style=""width: 113px; height: 22px;"">&nbsp;</td>
		</tr>
		<tr>
			<td nowrap=""nowrap"" style=""width: 204px; height: 22px;"">External Iliac</td>
			<td nowrap=""nowrap"" style=""width: 113px; height: 22px;"">&nbsp;</td>
			<td style=""width: 113px; height: 22px;"">&nbsp;</td>
		</tr>
		<tr>
			<td nowrap=""nowrap"" style=""width: 204px; height: 22px;"">Common Femoral</td>
			<td nowrap=""nowrap"" style=""width: 113px; height: 22px;"">&nbsp;</td>
			<td style=""width: 113px; height: 22px;"">&nbsp;</td>
		</tr>
		<tr>
			<td nowrap=""nowrap"" style=""width: 204px; height: 22px;"">Deep Femoral</td>
			<td nowrap=""nowrap"" style=""width: 113px; height: 22px;"">&nbsp;</td>
			<td style=""width: 113px; height: 22px;"">&nbsp;</td>
		</tr>
		<tr>
			<td nowrap=""nowrap"" style=""width: 204px; height: 22px;"">Superficial Femoral</td>
			<td nowrap=""nowrap"" style=""width: 113px; height: 22px;"">&nbsp;</td>
			<td style=""width: 113px; height: 22px;"">&nbsp;</td>
		</tr>
		<tr>
			<td nowrap=""nowrap"" style=""width: 204px; height: 22px;"">Popliteal</td>
			<td nowrap=""nowrap"" style=""width: 113px; height: 22px;"">&nbsp;</td>
			<td style=""width: 113px; height: 22px;"">&nbsp;</td>
		</tr>
		<tr>
			<td nowrap=""nowrap"" style=""width: 204px; height: 22px;"">Anterior Tibial</td>
			<td nowrap=""nowrap"" style=""width: 113px; height: 22px;"">&nbsp;</td>
			<td style=""width: 113px; height: 22px;"">&nbsp;</td>
		</tr>
		<tr>
			<td nowrap=""nowrap"" style=""width: 204px; height: 22px;"">Posterior Tibial</td>
			<td nowrap=""nowrap"" style=""width: 113px; height: 22px;"">&nbsp;</td>
			<td style=""width: 113px; height: 22px;"">&nbsp;</td>
		</tr>
		<tr>
			<td nowrap=""nowrap"" style=""width: 204px; height: 22px;"">Dorsalis Pedis</td>
			<td nowrap=""nowrap"" style=""width: 113px; height: 22px;"">&nbsp;</td>
			<td style=""width: 113px; height: 22px;"">&nbsp;</td>
		</tr>
	</tbody>
</table>
&nbsp;&nbsp;&nbsp;&nbsp;&nbsp;&nbsp;&nbsp;&nbsp;&nbsp;&nbsp;&nbsp;&nbsp;&nbsp;&nbsp;&nbsp;&nbsp;&nbsp;&nbsp;&nbsp;&nbsp;&nbsp;&nbsp;&nbsp;&nbsp;&nbsp;&nbsp;&nbsp;&nbsp;&nbsp;&nbsp;&nbsp;&nbsp;&nbsp;&nbsp;&nbsp;&nbsp;&nbsp;&nbsp;&nbsp;&nbsp;&nbsp;&nbsp;&nbsp;&nbsp;&nbsp;<br />
&nbsp;<br />
<strong><u>IMPRESSION</u></strong><strong>:&nbsp;&nbsp;</strong><br />
<strong>Normal arterial Doppler study of the lower limbs bilaterally. </strong>&nbsp;<br />
&nbsp;"
CAROTID AND VERTEBRAL ARTERIES DOPPLER,CAROTID AND VERTEBRAL ARTERIES DOPPLER,"<strong><u>FINDINGS:</u></strong>
<ul>
	<li>Both common carotid arteries are normal in course and calibre &amp; demonstrate normal colour flow and spectral profile.</li>
	<li>There is no focal stenotic plaques or vessel wall calcification</li>
	<li>Bilaterally the carotid bifurcation shows normal flow.</li>
	<li>Both internal and external carotid arteries show normal colour flow and spectral profile.</li>
	<li>Both vertebral arteries show antegrade normal flow and spectral profile.</li>
</ul>

<h4>&nbsp;</h4>

<h4><u><strong>DOPPLER PROFILE:&nbsp;&nbsp; </strong></u></h4>
&nbsp;

<table border=""1"" cellpadding=""0"" cellspacing=""0"">
	<tbody>
		<tr>
			<td style=""width: 128px;"">
			<h2><strong>SITE</strong></h2>
			</td>
			<td style=""width: 120px;""><strong>&nbsp;&nbsp;&nbsp;&nbsp;&nbsp; P S V</strong><br />
			<strong>&nbsp;&nbsp; (cm / sec)</strong></td>
			<td style=""width: 120px;""><strong>&nbsp;&nbsp;&nbsp;&nbsp; E D V </strong><br />
			<strong>&nbsp; (cm / sec)</strong></td>
		</tr>
		<tr>
			<td style=""width: 128px; height: 5px;"">RCCA</td>
			<td style=""width: 120px; height: 5px;"">&nbsp;&nbsp;&nbsp;&nbsp;&nbsp;&nbsp; cm/sec</td>
			<td style=""width: 120px; height: 5px;"">&nbsp;&nbsp;&nbsp;&nbsp;&nbsp; cm/sec</td>
		</tr>
		<tr>
			<td style=""width: 128px;"">RICA</td>
			<td style=""width: 120px;"">&nbsp;&nbsp;&nbsp;&nbsp;&nbsp;&nbsp; cm/sec</td>
			<td style=""width: 120px;"">&nbsp;&nbsp;&nbsp;&nbsp;&nbsp; cm/sec</td>
		</tr>
		<tr>
			<td style=""width: 128px;"">RT. VERT</td>
			<td style=""width: 120px;"">&nbsp;&nbsp;&nbsp;&nbsp;&nbsp;&nbsp; cm/sec</td>
			<td style=""width: 120px;"">&nbsp;&nbsp;&nbsp;&nbsp;&nbsp; cm/sec</td>
		</tr>
		<tr>
			<td style=""width: 128px;"">RECA</td>
			<td style=""width: 120px;"">&nbsp;&nbsp;&nbsp;&nbsp;&nbsp;&nbsp; cm/sec</td>
			<td style=""width: 120px;"">&nbsp;&nbsp;&nbsp;&nbsp;&nbsp; cm/sec</td>
		</tr>
		<tr>
			<td style=""width: 128px;"">LCCA</td>
			<td style=""width: 120px;"">&nbsp;&nbsp;&nbsp;&nbsp;&nbsp;&nbsp; cm/sec</td>
			<td style=""width: 120px;"">&nbsp;&nbsp;&nbsp;&nbsp;&nbsp; cm/sec</td>
		</tr>
		<tr>
			<td style=""width: 128px;"">LICA</td>
			<td style=""width: 120px;"">&nbsp;&nbsp;&nbsp;&nbsp;&nbsp;&nbsp; cm/sec</td>
			<td style=""width: 120px;"">&nbsp;&nbsp;&nbsp;&nbsp;&nbsp; cm/sec</td>
		</tr>
		<tr>
			<td style=""width: 128px;"">LT. VERT</td>
			<td style=""width: 120px;"">&nbsp;&nbsp;&nbsp;&nbsp;&nbsp;&nbsp; cm/sec</td>
			<td style=""width: 120px;"">&nbsp;&nbsp;&nbsp;&nbsp;&nbsp; cm/sec</td>
		</tr>
		<tr>
			<td style=""width: 128px;"">LECA</td>
			<td style=""width: 120px;"">&nbsp;&nbsp;&nbsp;&nbsp;&nbsp;&nbsp; cm/sec</td>
			<td style=""width: 120px;"">&nbsp;&nbsp;&nbsp;&nbsp;&nbsp; cm/sec</td>
		</tr>
	</tbody>
</table>
<strong>&nbsp;&nbsp;&nbsp;&nbsp;&nbsp;&nbsp;&nbsp;&nbsp;&nbsp;&nbsp;&nbsp;&nbsp;&nbsp;&nbsp;&nbsp; &nbsp;&nbsp;&nbsp;&nbsp;&nbsp;&nbsp;&nbsp; </strong><br />
&nbsp;<br />
<strong><u>IMPRESSION:&nbsp;&nbsp;</u></strong><br />
NORMAL DOPPLER STUDY OF THE CAROTID AND VERTEBRAL ARTERIES.<br />
NO HAEMODYNAMICALLY SIGNIFICANT STENOSIS OR OCCLUSION."
RENAL ARTERY DOPPLER,RENAL ARTERY DOPPLER,"<h1>&nbsp;</h1>
<strong><u>FINDINGS:</u></strong><br />
<strong>Aorta </strong>is normal in calibre with a peak systolic velocity of -- cm/s<br />
&nbsp;<br />
<strong>Kidneys </strong>are normal in size, position, shape and echopattern. Corticomedullary differentiation is maintained. No evidence of calculi or hydronephrosis.<br />
<strong>Right Kidney</strong> measures cm in length &amp; cm in parenchymal thickness.&nbsp;<br />
<strong>Left Kidney</strong> measures&nbsp; cm in length &amp; cm in parenchymal thickness.&nbsp;<br />
&nbsp;<br />
<strong><u>RIGHT RENAL ARTERY </u></strong><br />
The renal artery at&nbsp;origin, main renal artery and at the hilum demonstrates normal flow and spectral pattern.<br />
The intra-renal renal artery branches also demonstrate normal flow, spectral pattern and resistive indices.<br />
&nbsp;
<table border=""0"" cellpadding=""0"" cellspacing=""0"" style=""width: 613px;"" width=""613"">
	<tbody>
		<tr>
			<td nowrap=""nowrap"" style=""width: 613px; height: 11px;"">&nbsp;
			<table border=""1"" cellpadding=""0"" cellspacing=""0"" style=""width: 611px;"" width=""611"">
				<tbody>
					<tr>
						<td style=""width: 157px;""><strong>Arteries </strong></td>
						<td style=""width: 129px;""><strong>PSV / EDV(cm/s)</strong></td>
						<td style=""width: 158px;""><strong>RI</strong></td>
						<td style=""width: 166px;""><strong>Acceleration Time</strong></td>
					</tr>
					<tr>
						<td style=""width: 157px;""><strong>Renal Artery at origin</strong></td>
						<td style=""width: 129px;"">&nbsp;</td>
						<td style=""width: 158px;"">&nbsp;</td>
						<td style=""width: 166px;"">&nbsp;</td>
					</tr>
					<tr>
						<td style=""width: 157px;""><strong>Main renal Artery </strong></td>
						<td style=""width: 129px;"">&nbsp;</td>
						<td style=""width: 158px;"">&nbsp;</td>
						<td style=""width: 166px;"">&nbsp;</td>
					</tr>
					<tr>
						<td style=""width: 157px;""><strong>Renal artery at hilum</strong></td>
						<td style=""width: 129px;"">&nbsp;</td>
						<td style=""width: 158px;"">&nbsp;</td>
						<td style=""width: 166px;"">&nbsp;</td>
					</tr>
				</tbody>
			</table>
			&nbsp;

			<table border=""1"" cellpadding=""0"" cellspacing=""0"" style=""width: 611px;"" width=""611"">
				<tbody>
					<tr>
						<td style=""width: 167px;""><strong>Arteries</strong></td>
						<td style=""width: 120px;""><strong>PSV / EDV(cm/s)</strong></td>
						<td style=""width: 156px;""><strong>RI</strong></td>
						<td style=""width: 168px;""><strong>Acceleration Time</strong></td>
					</tr>
					<tr>
						<td style=""width: 167px;""><strong>Segmental&nbsp; - Upper</strong></td>
						<td style=""width: 120px;"">&nbsp;</td>
						<td style=""width: 156px;"">&nbsp;</td>
						<td style=""width: 168px;"">&nbsp;</td>
					</tr>
					<tr>
						<td style=""width: 167px;""><strong>Segmental&nbsp; - Mid</strong></td>
						<td style=""width: 120px;"">&nbsp;</td>
						<td style=""width: 156px;"">&nbsp;</td>
						<td style=""width: 168px;"">&nbsp;</td>
					</tr>
					<tr>
						<td style=""width: 167px;""><strong>Segmental - Lower </strong></td>
						<td style=""width: 120px;"">&nbsp;</td>
						<td style=""width: 156px;"">&nbsp;</td>
						<td style=""width: 168px;"">&nbsp;</td>
					</tr>
				</tbody>
			</table>
			</td>
		</tr>
	</tbody>
</table>
&nbsp;<br />
<strong><u>LEFT RENAL ARTERY </u></strong><br />
The renal artery at&nbsp;origin, main renal artery and at the hilum demonstrates normal flow and spectral pattern.<br />
The intra-renal renal artery branches also demonstrate normal flow, spectral pattern and resistive indices.<br />
&nbsp;<br />
&nbsp;
<table border=""0"" cellpadding=""0"" cellspacing=""0"" style=""width: 613px;"" width=""613"">
	<tbody>
		<tr>
			<td nowrap=""nowrap"" style=""width: 613px; height: 11px;"">&nbsp;
			<table border=""1"" cellpadding=""0"" cellspacing=""0"" style=""width: 611px;"" width=""611"">
				<tbody>
					<tr>
						<td style=""width: 157px;""><strong>Arteries </strong></td>
						<td style=""width: 129px;""><strong>PSV / EDV(cm/s)</strong></td>
						<td style=""width: 158px;""><strong>RI</strong></td>
						<td style=""width: 166px;""><strong>Acceleration Time</strong></td>
					</tr>
					<tr>
						<td style=""width: 157px;""><strong>Renal Artery at origin</strong></td>
						<td style=""width: 129px;"">&nbsp;</td>
						<td style=""width: 158px;"">&nbsp;</td>
						<td style=""width: 166px;"">&nbsp;</td>
					</tr>
					<tr>
						<td style=""width: 157px;""><strong>Main renal Artery </strong></td>
						<td style=""width: 129px;"">&nbsp;</td>
						<td style=""width: 158px;"">&nbsp;</td>
						<td style=""width: 166px;"">&nbsp;</td>
					</tr>
					<tr>
						<td style=""width: 157px;""><strong>Renal artery at hilum</strong></td>
						<td style=""width: 129px;"">&nbsp;</td>
						<td style=""width: 158px;"">&nbsp;</td>
						<td style=""width: 166px;"">&nbsp;</td>
					</tr>
				</tbody>
			</table>
			&nbsp;

			<table border=""1"" cellpadding=""0"" cellspacing=""0"" style=""width: 611px;"" width=""611"">
				<tbody>
					<tr>
						<td style=""width: 167px;""><strong>Arteries</strong></td>
						<td style=""width: 120px;""><strong>PSV / EDV(cm/s)</strong></td>
						<td style=""width: 156px;""><strong>RI</strong></td>
						<td style=""width: 168px;""><strong>Acceleration Time</strong></td>
					</tr>
					<tr>
						<td style=""width: 167px;""><strong>Segmental&nbsp; - Upper</strong></td>
						<td style=""width: 120px;"">&nbsp;</td>
						<td style=""width: 156px;"">&nbsp;</td>
						<td style=""width: 168px;"">&nbsp;</td>
					</tr>
					<tr>
						<td style=""width: 167px;""><strong>Segmental&nbsp; - Mid</strong></td>
						<td style=""width: 120px;"">&nbsp;</td>
						<td style=""width: 156px;"">&nbsp;</td>
						<td style=""width: 168px;"">&nbsp;</td>
					</tr>
					<tr>
						<td style=""width: 167px;""><strong>Segmental - Lower </strong></td>
						<td style=""width: 120px;"">&nbsp;</td>
						<td style=""width: 156px;"">&nbsp;</td>
						<td style=""width: 168px;"">&nbsp;</td>
					</tr>
				</tbody>
			</table>
			</td>
		</tr>
	</tbody>
</table>
&nbsp;<br />
&nbsp;<br />
<strong><u>IMPRESSION:</u></strong>&nbsp;&nbsp;

<ul>
	<li><strong>MORPHOLOGICALLY NORMAL KIDNEYS</strong><strong> BILATERALLY. </strong></li>
	<li><strong>THE NATURE OF THE INTRARENAL ARTERIAL WAVE FORMS SHOWS NO EVIDENCE OF MAIN RENAL ARTERY STENOSIS.</strong></li>
</ul>

<h2><span style=""font-size: 12px;""><strong>Disclaimer:</strong> Normal intra renal waveforms may be present even in renal artery stenosis upto 60 %</span></h2>
&nbsp;<br />
&nbsp;<br />
&nbsp;<br />
&nbsp;<br />
&nbsp;<br />
&nbsp;"
EARLY ANC,EARLY ANC SCAN,"<h2><span style=""font-size: 12px;""><strong>LMP:&nbsp; &nbsp;&nbsp;&nbsp;&nbsp;&nbsp;&nbsp;&nbsp;&nbsp;&nbsp;&nbsp;&nbsp;&nbsp;&nbsp; &nbsp;&nbsp;&nbsp;&nbsp;&nbsp;&nbsp;&nbsp;&nbsp;&nbsp;&nbsp;&nbsp;&nbsp;&nbsp;&nbsp;&nbsp;&nbsp;&nbsp;&nbsp;&nbsp;&nbsp;&nbsp;&nbsp;&nbsp;&nbsp;&nbsp;&nbsp;&nbsp;&nbsp;&nbsp;&nbsp;&nbsp;&nbsp;&nbsp;&nbsp;&nbsp;&nbsp;&nbsp;&nbsp;&nbsp;&nbsp;&nbsp;&nbsp;&nbsp; GA BY LMP: &nbsp;&nbsp;&nbsp;&nbsp;&nbsp;&nbsp;&nbsp;&nbsp;&nbsp;&nbsp;&nbsp;&nbsp;&nbsp;&nbsp;&nbsp;&nbsp;&nbsp;&nbsp;&nbsp;&nbsp;&nbsp;&nbsp;&nbsp;&nbsp;&nbsp;&nbsp;&nbsp;&nbsp;&nbsp;&nbsp;&nbsp;&nbsp;&nbsp;&nbsp;&nbsp; EDD by LMP:&nbsp; </strong></span></h2>
&nbsp;<br />
<strong><u>FINDINGS:</u></strong><br />
&nbsp;
<ul>
	<li>There is a single live intrauterine gestation.</li>
	<li>Yolk sac and fetal pole visualized.</li>
	<li>CRL: ---------- cm corresponding to&nbsp; &nbsp;weeks and &nbsp;days.&nbsp; &nbsp;&nbsp;EDD by scan &ndash;&nbsp;</li>
	<li>Fetal heart pulsations seen. Heart rate is &nbsp;----------- beats/min.</li>
	<li>No evidence of subchorionic haemorrhage.</li>
	<li>Cervical length measures ------------- cm.&nbsp; Internal os is closed.</li>
	<li>Both ovaries appear normal.</li>
</ul>
&nbsp;<br />
<strong><u>IMPRESSION:</u></strong>

<ul>
	<li><strong>SINGLE LIVE INTRA UTERINE GESTATION CORRESPONDING TO &nbsp;WEEKS AND &nbsp;DAYS.</strong></li>
</ul>
&nbsp;<br />
<strong><em>Suggested NT scan between 12 to 14 weeks.&nbsp;</em></strong><br />
&nbsp;<br />
<strong><em><u>Declaration of doctor</u></em></strong><strong><em>:&nbsp; </em></strong><em>I Dr. -----------------------, declare that while conducting ultrasonography on this patient, I have neither detected&nbsp;or disclosed&nbsp;the sex of the fetus to anybody in any manner. Furthermore it must be understood that not all congenital anomalies can be detected with USG.&nbsp; </em><br />
&nbsp;<br />
&nbsp;"
PELVIS FEMALE,ULTRASOUND PELVIS ,"<p><strong><u>Findings:</u></strong></p>

<p><strong>Uterus:</strong> Is anteverted, normal in size and echotexture and measures cms.</p>

<p>Myometrial and endometrial echoes are normal.&nbsp;</p>

<p><strong>Endometrium </strong>measures mm. &nbsp;&nbsp;</p>

<p>Both ovaries are normal in size and echopattern.</p>

<p><strong>Right ovary </strong>measures cms.&nbsp;</p>

<p><strong>Left ovary </strong>measures cms.</p>

<p><strong>Both adnexa:</strong> Normal. &nbsp;No mass is seen.</p>

<p><strong>POD:</strong> There is no free fluid in the POD.</p>

<p><strong><u>IMPRESSION:</u></strong></p>
"
LOWER LIMB VENOUS DOPPLER -SINGLE LIMB,LOWER LIMB VENOUS DOPPLER EXAMINATION,"<p>&nbsp;</p>

<table border=""0"" cellpadding=""0"" cellspacing=""0"">
	<tbody>
		<tr>
			<td style=""width:131px;"">
			<p><strong>CFV, SFV, DFV</strong></p>
			</td>
			<td style=""width:24px;"">
			<p><strong>:</strong></p>
			</td>
			<td style=""width:476px;"">
			<p>Normal flows, phasic changes, compressibility, augmentation</p>

			<p>No thrombus detected.</p>

			<p>&nbsp;</p>
			</td>
		</tr>
		<tr>
			<td style=""width:131px;"">
			<p><strong>POPL V</strong></p>
			</td>
			<td style=""width:24px;"">
			<p><strong>:</strong></p>
			</td>
			<td style=""width:476px;"">
			<p>Normal flows, phasic changes, compressibility, augmentation</p>

			<p>No thrombus detected.</p>

			<p>&nbsp;</p>
			</td>
		</tr>
		<tr>
			<td style=""width:131px;"">
			<p><strong>CALF &amp; LEG VEINS</strong></p>
			</td>
			<td style=""width:24px;"">
			<p><strong>:</strong></p>
			</td>
			<td style=""width:476px;"">
			<p>Normal flows.&nbsp; No thrombus detected.</p>
			</td>
		</tr>
		<tr>
			<td style=""width:131px;"">
			<p><strong>Sapheno Fem</strong></p>

			<p><strong>Junction (SFJ)</strong></p>
			</td>
			<td style=""width:24px;"">
			<p><strong>:</strong></p>
			</td>
			<td style=""width:476px;"">
			<p>Competent.</p>
			</td>
		</tr>
		<tr>
			<td style=""width:131px;"">
			<p><strong>Sapheno Pop</strong></p>

			<p><strong>Junction (SPJ)</strong></p>
			</td>
			<td style=""width:24px;"">
			<p><strong>:</strong></p>
			</td>
			<td style=""width:476px;"">
			<p>Competent.</p>
			</td>
		</tr>
	</tbody>
</table>

<p><strong>Deep venous reflux&nbsp;&nbsp; (&gt; 1 sec)</strong>&nbsp;&nbsp;&nbsp;&nbsp;&nbsp;&nbsp;&nbsp;&nbsp;&nbsp;&nbsp;&nbsp; :&nbsp;&nbsp; Not seen.</p>

<p><strong>Post Phlebitic changes (thickened</strong></p>

<p><strong>Vein walls, collaterals etc)</strong>&nbsp;&nbsp;&nbsp;&nbsp;&nbsp;&nbsp;&nbsp;&nbsp;&nbsp;&nbsp;&nbsp;&nbsp;&nbsp;&nbsp;&nbsp;&nbsp;&nbsp;&nbsp; :&nbsp;&nbsp; Nil.</p>

<p><strong>Major Perforator incompetence</strong>&nbsp;&nbsp;&nbsp;&nbsp;&nbsp;&nbsp;&nbsp;&nbsp;&nbsp;&nbsp; :&nbsp;&nbsp; Not detected.</p>

<p><strong><u>IMPRESSION:</u></strong></p>

<ul>
	<li><strong>NO EVIDENCE OF D V T.</strong></li>
	<li><strong>NO EVIDENCE OF VENOUS INSUFFICIENCY.</strong></li>
</ul>
"
SCROTUM,USG SCROTUM,"<p><strong><u>FINDINGS:</u></strong></p>

<p>Bilateral <strong>testes</strong> are normal in size, configuration and echogenicity and of homogeneous echotexture.&nbsp;</p>

<p><strong>Right testis</strong> measures&nbsp;</p>

<p><strong>Left testis</strong> measures&nbsp;&nbsp;</p>

<p>Normal color flow Doppler signal is seen within both testicles symmetrically.&nbsp;</p>

<p>Both <strong>epididymes </strong>are normal in size, configuration and echogenicity and of homogeneous echo texture.&nbsp;</p>

<p><strong>Right epididymis</strong> measures&nbsp;&nbsp;&nbsp; mm.</p>

<p><strong>Left epididymis</strong> measures&nbsp;&nbsp;&nbsp;&nbsp;&nbsp;&nbsp; mm.</p>

<p>There is physiologic peritesticular fluid bilaterally.&nbsp;</p>

<p><strong><u>IMPRESSION</u></strong><strong>:</strong></p>

<p style=""margin-left:.5in;"">&nbsp;</p>
"
ABDOMEN AND PELVIS MALE,ULTRASOUND ABDOMEN AND PELVIS ,"<p><u>FINDINGS:</u></p>

<p><strong>Liver </strong>is normal in size and echopattern.&nbsp; No intra or extra hepatic biliary duct dilatation.</p>

<p>No focal lesions.&nbsp;</p>

<p><strong>Portal</strong> <strong>vein</strong> is normal in size, course and caliber.</p>

<p><strong>Gall bladder</strong> is normal without evidence of calculi, wall thickening or pericholecystic fluid.&nbsp;CBD<strong> </strong>is not dilated.</p>

<p><strong>Pancreas</strong> to the extent visualized, appears normal in size, contour and echogenicity.</p>

<p><strong>Spleen</strong> is normal in size, shape, contour and echopattern.&nbsp; No evidence of mass or focal lesions.&nbsp;</p>

<p>Right Kidney is normal in size (measures cm in length &amp; cm in parenchymal thickness), position, shape and echopattern. Corticomedullary differentiation is maintained. No evidence of calculi or hydronephrosis.</p>

<p>Left Kidney is normal in size (measures cm in length &amp; cm in parenchymal thickness), position, shape and echopattern. Corticomedullary differentiation is maintained. No evidence of calculi or hydronephrosis.</p>

<p><strong>Retroperitoneum</strong> &ndash; No significant lymphadenopathy.&nbsp; &nbsp; &nbsp; &nbsp; &nbsp; &nbsp; &nbsp; &nbsp; &nbsp; &nbsp; &nbsp; &nbsp; &nbsp; &nbsp; &nbsp; &nbsp; &nbsp; &nbsp; &nbsp; &nbsp; &nbsp; &nbsp; &nbsp; &nbsp; &nbsp; &nbsp; &nbsp; &nbsp; &nbsp; &nbsp; &nbsp; &nbsp; &nbsp; &nbsp; &nbsp; &nbsp; &nbsp; &nbsp; &nbsp; &nbsp; &nbsp; &nbsp; &nbsp; &nbsp; &nbsp; &nbsp; &nbsp; &nbsp; &nbsp; &nbsp; &nbsp; &nbsp;</p>

<p><strong>Urinary Bladder</strong> is well distended. Wall thickness is normal. No evidence of calculi, mass or mural lesion.</p>

<p><strong>Prostate</strong> is normal in echopattern and size, measures cms (Volume cc).</p>

<p><strong>Fluid </strong>- There is no ascites.</p>

<h3><u>IMPRESSION:</u></h3>

<p style=""margin-left:1.0in;"">&nbsp;</p>

<p>&nbsp;</p>

<p>&nbsp;</p>
"
THYROID,USG OF THE THYROID,"<p>Both lobes of thyroid are normal in size.</p>

<p>Parenchymal echopattern is uniform and normal.</p>

<p>No focal solid or cystic lesion.</p>

<p>Isthmus appears normal and measures mm.</p>

<p>Thyroid Capsule is intact.</p>

<p>Colour Doppler interrogation did not reveal any Contributory findings.</p>

<p>Right lobe measures:&nbsp;&nbsp; mm (AP x T x SI).</p>

<p>Left &nbsp;lobe &nbsp;measures:&nbsp;&nbsp;&nbsp;&nbsp; &nbsp;mm (AP x T x SI).</p>

<p>Carotid / Jugular complex are normal.</p>

<p>No significant Cervical Lymphadenopathy.</p>

<p>&nbsp;</p>

<p><strong><u>IMPRESSION: </u></strong></p>

<p>&nbsp;</p>
"
NT SCAN,OBSTETRIC SCAN â€“ N T,"<h2><span style=""font-size:12px;"">LMP: &nbsp;&nbsp;&nbsp;&nbsp;&nbsp;&nbsp;GA BY LMP: &nbsp;&nbsp;&nbsp;&nbsp;&nbsp;&nbsp;&nbsp;&nbsp;&nbsp;&nbsp;&nbsp;&nbsp;&nbsp;&nbsp;EDD BY LMP:&nbsp;</span></h2>

<p><strong><u>FINDINGS:</u></strong></p>

<ul>
	<li>There is a single live intrauterine gestation.</li>
</ul>

<ul>
	<li>Fetal heart pulsations seen. Heart rate is -------- beats / min.</li>
</ul>

<ul>
	<li>Fetal intracranium and spine appears normal.&nbsp; All four limbs are visualised.</li>
</ul>

<ul>
	<li>Anterior abdominal wall appears normal.&nbsp; Stomach bubble is seen. &nbsp;&nbsp;</li>
</ul>

<ul>
	<li>Two umbilical arteries seen.</li>
</ul>

<ul>
	<li>Ductus venosus showed good forward flow.</li>
</ul>

<ul>
	<li><strong>Nuchal translucency measures &ndash; &nbsp;mm.</strong></li>
</ul>

<p style=""margin-left:.25in;""><strong>&nbsp;&nbsp;&nbsp;&nbsp;Nasal bone is visualized.</strong></p>

<ul>
	<li>No evidence of subchorionic hemorrhage.</li>
</ul>

<ul>
	<li>Placenta is noted on ----------- wall of upper and mid uterine segment. &nbsp;</li>
</ul>

<ul>
	<li>Cervical length measures cm.&nbsp; Os is closed.</li>
</ul>

<p style=""margin-left:.5in;"">&nbsp;</p>

<p style=""margin-left:.5in;""><strong><u>IMPRESSION</u>:</strong></p>

<ul>
	<li><strong>Single live intrauterine gestation corresponding to weeks and days.</strong></li>
</ul>

<ul>
	<li><strong>Normal</strong><strong> NT</strong><strong>.&nbsp;&nbsp; Nasal bone is visualised. </strong></li>
</ul>

<ul>
	<li><strong>No increased nuchal translucency seen at this period of gestation. </strong></li>
</ul>

<p style=""margin-left:.25in;"">&nbsp;</p>

<p style=""margin-left:.25in;""><strong><em><u>Declaration of doctor</u></em></strong><strong><em>:&nbsp; </em></strong><em>I Dr. , declare that while conducting ultrasonography on this patient Mrs.., I have neither detected&nbsp;nor disclosed&nbsp;the sex of the foetus to anybody in any manner. Furthermore it must be understood that not all congenital anomalies can be detected with USG.&nbsp; </em></p>

<p style=""margin-left:.5in;"">&nbsp;</p>

<p align=""right"" style=""margin-left:.5in;"">&nbsp;</p>

<p align=""right"" style=""margin-left:.5in;"">&nbsp;</p>

<p align=""right"" style=""margin-left:.5in;"">&nbsp;</p>

<p align=""right"" style=""margin-left:.5in;"">&nbsp;</p>

<p align=""right"" style=""margin-left:.5in;"">&nbsp;</p>

<p align=""right"" style=""margin-left:.5in;"">&nbsp;</p>
"
KUB MALE/FEMALE,ULTRASOUND  OF KUB,"<p>Right Kidney is normal in size (measures cm in length &amp; cm in parenchymal thickness), position, shape and echopattern. Corticomedullary differentiation is maintained. No evidence of calculi or hydronephrosis.</p>

<p>&nbsp;</p>

<p>Left Kidney is normal in size (measures cm in length &amp; cm in parenchymal thickness), position, shape and echopattern. Corticomedullary differentiation is maintained. No evidence of calculi or hydronephrosis.</p>

<p style=""margin-left:1.0in;"">&nbsp;&nbsp;&nbsp;&nbsp;&nbsp;&nbsp;&nbsp;&nbsp;&nbsp;&nbsp;&nbsp;&nbsp;&nbsp;&nbsp;&nbsp;&nbsp;&nbsp;&nbsp;&nbsp;&nbsp;&nbsp;&nbsp;&nbsp;&nbsp;&nbsp;&nbsp;&nbsp;&nbsp;&nbsp;&nbsp;&nbsp;&nbsp;&nbsp;&nbsp;&nbsp;&nbsp;&nbsp;&nbsp;&nbsp;&nbsp;&nbsp;&nbsp;&nbsp;&nbsp;&nbsp;&nbsp;&nbsp;&nbsp;&nbsp;&nbsp;&nbsp;&nbsp;&nbsp;&nbsp;&nbsp;&nbsp;&nbsp;&nbsp;&nbsp;&nbsp;&nbsp;&nbsp;&nbsp;&nbsp;&nbsp;&nbsp;&nbsp;&nbsp;&nbsp;&nbsp;&nbsp;&nbsp;&nbsp;&nbsp;&nbsp;&nbsp;&nbsp;&nbsp;&nbsp;&nbsp;&nbsp;&nbsp;&nbsp;&nbsp;&nbsp;&nbsp;&nbsp;&nbsp;&nbsp;&nbsp;&nbsp;&nbsp;&nbsp;&nbsp;&nbsp;&nbsp;&nbsp;&nbsp;&nbsp;&nbsp;&nbsp;&nbsp;&nbsp;&nbsp;&nbsp;&nbsp;</p>

<p><strong>Urinary Bladder</strong> is well distended. Wall thickness is normal. No evidence of calculi, mass or mural lesion. &nbsp;&nbsp;&nbsp;&nbsp;Prevoid volume &ndash; ml.&nbsp;&nbsp; Post void volume &ndash; ml.</p>

<p>&nbsp;</p>

<p><strong>Prostate/Uterus:</strong></p>

<p><strong>Seminar vesicles/ovaries:</strong></p>
"
BREASTS,ULTRASOUND OF BOTH BREASTS,"<h2><span style=""font-size:12px;"">FINDINGS:</span></h2>

<p>Both breasts demonstrate predominantly fatty parenchyma.&nbsp; The pre mammary, mammary and retromammary areas demonstrate normal echotexture.&nbsp;&nbsp;&nbsp; No focal lesions seen.</p>

<p>The retroareolar region appears unremarkable bilaterally.</p>

<p>The axillary tail is normal bilaterally. &nbsp;</p>

<p>No evidence of significant axillary lymphadenopathy bilaterally.</p>

<p>&nbsp;</p>

<p><strong><u>IMPRESSION</u></strong></p>

<p>&nbsp;</p>

<p>BIRADS &ndash; 0 :&nbsp;&nbsp; Need additional imaging or prior mammograms for comparison.</p>

<p><strong>BIRADS &ndash; 1 :&nbsp;&nbsp; Negative.&nbsp; </strong></p>

<p>BIRADS &ndash; 2 :&nbsp;&nbsp; Benign finding.</p>

<p>BIRADS &ndash; 3 :&nbsp;&nbsp; Probably benign finding (&lt; 2% malignant).&nbsp; Initial short &ndash; interval follow up suggested.</p>

<p>BIRADS &ndash; 4 :&nbsp;&nbsp; Suspicious abnormality (2 &ndash; 95% malignant).&nbsp; Biopsy should be considered.</p>

<p>BIRADS &ndash; 5 :&nbsp;&nbsp; Highly suggestive of malignancy (&gt; 95% malignant).&nbsp; Appropriate action should be taken.</p>

<p>BIRADS &ndash; 6 :&nbsp;&nbsp; Known Biopsy proven malignancy.</p>
"
ABDOMEN AND PELVIS FEMALE,ULTRASOUND ABDOMEN AND PELVIS,"<p><u>FINDINGS:</u></p>

<p><strong>Liver </strong>is normal in size and echopattern.&nbsp; No intra or extra hepatic biliary duct dilatation.&nbsp;No focal lesions.&nbsp;<strong>Portal</strong> <strong>vein</strong> is normal in size, course and caliber.</p>

<p><strong>Gall bladder</strong> is normal without evidence of calculi, wall thickening or pericholecystic fluid.&nbsp;<strong>CBD </strong>is not dilated.</p>

<p><strong>Pancreas</strong> to the extent visualized, appears normal in size, contour and echogenicity</p>

<p><strong>Spleen</strong> is normal in size, shape, contour and echopattern.&nbsp; No evidence of mass or focal lesions.&nbsp;</p>

<p>Right Kidney is normal in size (measures cm in length &amp; cm in parenchymal thickness), position, shape and echopattern. Corticomedullary differentiation is maintained. No evidence of calculi or hydronephrosis.</p>

<p>Left Kidney is normal in size (measures cm in length &amp; cm in parenchymal thickness), position, shape and echopattern. Corticomedullary differentiation is maintained. No evidence of calculi or hydronephrosis.</p>

<p><strong>Retroperitoneum</strong> &ndash; No significant lymphadenopathy.</p>

<p><strong>Urinary Bladder</strong> is well distended. Wall thickness is normal. No evidence of calculi, mass or mural lesion.</p>

<p><strong>Uterus: </strong>Is anteverted and normal in size, measures cms. Myometrial and endometrial echoes are normal.&nbsp;&nbsp; <strong>Endometrium</strong> measures mm. &nbsp;&nbsp;&nbsp;</p>

<p><strong>Both ovaries</strong> are normal in size and echopattern.</p>

<p><strong>Right ovary:</strong> measures cms. &nbsp;&nbsp;<strong>Left ovary:</strong> measures cms.</p>

<p>Both adnexa: &nbsp;Normal. No mass is seen.</p>

<p>There is no ascites.</p>

<h3><u>IMPRESSION:</u></h3>

<p style=""margin-left:1.0in;"">&nbsp;</p>
"
